casino,status,checked_on,source_url,note
Bitcasino.io,blocks,earlier reading,https://bitcasino.io/help-center/help-terms-and-conditions/restricted-jurisdictions,
BitStarz,blocks,2026-10-08,https://www.bitstarz.com/terms,
Housebets,blocks,earlier reading,https://www.housebets.com/legal/terms-of-service,
mBit,blocks,2026-10-08,https://www.mbitcasino.io/terms/player-terms,
Spartans,blocks,2026-10-08,https://spartans.com/help-center/general-terms-and-conditions,
Stake,blocks,earlier reading,https://stake.com/policies/terms,
Toshibet,blocks,earlier reading,https://toshi.bet/policies/user-agreement,
Yeet,blocks,2026-10-08,https://help.yeet.com/en/articles/12052402-license-regulation,
Gamba,allows,2026-10-08,https://help.gamba.com/en/articles/8271491-geo-restrictions-licensed-operation,"Its page says its services are available to users from all countries not listed, ""including … Brazil""."
1win,not-listed,earlier reading,https://1win.com/rules,
500 Casino,not-listed,earlier reading,https://500.casino/terms-of-service,
7Bit,not-listed,2026-10-08,https://7bitcasino.com/terms-and-conditions,"Brazil appears only under restrictions for specific live games and slots (section 4.3), not the casino-wide list. Re-read 8 Oct 2026 via plain fetch."
Acebet,not-listed,earlier reading,https://acebet.co/policies/terms-of-service,
BC.Game,not-listed,2026-10-08,https://bc.game/help/terms-service,
Betplay,not-listed,earlier reading,https://betplay.io/en/info/terms,
Cloudbet,not-listed,2026-10-08,https://www.cloudbet.com/en/help/terms,
Degencity,not-listed,earlier reading,https://degencity.com/terms-of-service,
Dicey,not-listed,2026-10-08,https://help.dicey.com/en/articles/12611841-restricted-regions,
Duel,not-listed,2026-10-08,https://duel.com/policies/tos,
Duelbits,not-listed,earlier reading,https://help.duelbits.com/en/articles/16451925-what-countries-does-duelbits-accept,
Flush,not-listed,2026-10-08,https://flush.com/terms-of-service/,
FortuneJack,not-listed,earlier reading,https://fortunejack.com/faq/terms_and_conditions,
Gamdom,not-listed,earlier reading,https://gamdom.com/policy/terms-of-service,
JackpotBet,not-listed,2026-10-08,https://help.jackpot.bet/en/articles/9007350-restricted-regions,
MetaWin,not-listed,2026-10-08,https://metawin.com/terms-and-conditions/,
Rainbet,not-listed,earlier reading,https://rainbet.com/terms,
Razed,not-listed,earlier reading,https://www.razed.com/policy/terms/,
Roobet,not-listed,2026-10-08,https://help.roobet.com/en/articles/13686927-roobet-restricted-regions,"Brazil appears only in the page language menu (Português do Brasil), not the list."
Shuffle,not-listed,2026-10-08,https://shuffle.com/info/terms,
Sportsbet.io,not-listed,earlier reading,https://sportsbet.io/help-centre/help-other/help-other-terms-and-conditions/restricted-jurisdictions,
Thrill,not-listed,2026-10-08,https://intercom.help/thrill/en/articles/10078718-why-isn-t-thrill-available-in-my-region,
Wager.com,not-listed,2026-10-08,https://wager.com/policy/term-and-conditions/,
Whale.io,not-listed,earlier reading,https://whale.io/restricted-jurisdictions,
Winna,not-listed,earlier reading,https://winna.com/tos,
BetFury,incomplete,earlier reading,https://docs.betfury.com/betfury/terms-of-services/terms-and-conditions,
Bluff,incomplete,earlier reading,https://www.bluff.com/terms,
CoinCasino,incomplete,earlier reading,https://www.coincasino.com/,
Cybet,incomplete,earlier reading,https://cybet.com/terms,
Degen,incomplete,earlier reading,https://www.degen.com/policies/terms-of-service,
Dustbit,incomplete,earlier reading,https://dustbit.com/legal/terms,
Goated,incomplete,earlier reading,https://www.goated.com/policies/terms,
Qzino,incomplete,earlier reading,https://qzino.tech/docs/Qzino_Terms_and_Conditions.pdf,
Rollbit,incomplete,earlier reading,https://help.rollbit.com/en/articles/6176539-restricted-countries,
Shock,incomplete,earlier reading,https://www.shock.com/policies/terms,
Solcasino,incomplete,earlier reading,https://docs.solcasino.io/rules-and-conditions/terms-and-condition,
Vave,incomplete,earlier reading,https://vave.com/information/terms,
